"Player","Season","Team","Position","GP","TOI","GA","SA","FA","xGA","Sv%","FSv%","xFSv%","dFSv%","GSAA","GSAx"
"Aaron Dell","16-17","S.J","G",20,1110.55,36.83,529.11,751.2,46.19,93.04,95.1,93.85,1.25,8.91,9.36
"Aaron Dell","17-18","S.J","G",29,1522.08,66.42,763.42,1064.21,67.52,91.3,93.76,93.66,0.1,0.54,1.1
"Aaron Dell","18-19","S.J","G",25,1323.28,68.73,613.65,857.04,61.18,88.8,91.98,92.86,-0.88,-13.41,-7.55
"Adin Hill","17-18","ARI","G",4,240.75,14.13,133.5,187.57,13.54,89.42,92.47,92.78,-0.31,-2.42,-0.59
"Adin Hill","18-19","ARI","G",13,696.35,32,320.92,469.67,31.05,90.03,93.19,93.39,-0.2,-3.07,-0.95
"Al Montoya","14-15","FLA","G",20,976.93,48.66,456,658.27,41.28,89.33,92.61,93.73,-1.12,-9.78,-7.38
"Al Montoya","15-16","FLA","G",25,1351.23,48.07,600.76,854.62,52.93,92,94.38,93.81,0.57,3.12,4.86
"Al Montoya","16-17","MTL","G",19,1124.88,48.28,566.16,765.31,47.06,91.47,93.69,93.85,-0.16,0.67,-1.22
"Al Montoya","17-18","EDM","G",9,469.22,22.98,247.05,333.35,21.59,90.7,93.11,93.52,-0.42,-1.31,-1.39
"Al Montoya","17-18","MTL","G",4,222.52,13.23,98.1,140.97,9.84,86.51,90.62,93.02,-2.4,-4.62,-3.39
"Alex Lyon","17-18","PHI","G",11,479.8,21.55,234.04,332.88,20.99,90.79,93.53,93.69,-0.17,-1.02,-0.56
"Alex Stalock","14-15","S.J","G",22,1236.5,54.26,556.45,767.85,51.19,90.25,92.93,93.33,-0.4,-6.81,-3.07
"Alex Stalock","15-16","S.J","G",13,674.13,33.22,290.59,384.93,24.23,88.57,91.37,93.71,-2.34,-8.46,-8.99
"Alex Stalock","16-17","MIN","G",2,118.92,2.99,53.89,76.18,4.45,94.45,96.08,94.16,1.92,1.66,1.46
"Alex Stalock","17-18","MIN","G",28,1495.27,69.16,784.45,1127.65,61.78,91.18,93.87,94.52,-0.65,-0.36,-7.38
"Alex Stalock","18-19","MIN","G",21,1065.1,53.77,547.06,784.01,44.61,90.17,93.14,94.31,-1.17,-4.46,-9.16
"Alexandar Georgiev","17-18","NYR","G",10,514.77,27.46,337.69,444.9,28.73,91.87,93.83,93.54,0.29,2.16,1.27
"Alexandar Georgiev","18-19","NYR","G",33,1874.17,90.28,1060.07,1471.99,99.51,91.48,93.87,93.24,0.63,5.28,9.23
"Anders Lindback","14-15","BUF","G",16,890.98,40.56,546.78,749.55,38.46,92.58,94.59,94.87,-0.28,6.07,-2.1
"Anders Lindback","14-15","DAL","G",10,516.98,32.23,261.73,352.4,22.68,87.69,90.85,93.56,-2.71,-9.91,-9.55
"Anders Lindback","15-16","ARI","G",19,906.13,47.89,458.9,640.04,37.9,89.56,92.52,94.08,-1.56,-8.79,-9.99
"Anders Nilsson","15-16","EDM","G",26,1413.28,72.76,746.49,1036.54,68.37,90.25,92.98,93.4,-0.42,-9.16,-4.39
"Anders Nilsson","15-16","STL","G",3,87.3,3.99,44.07,59.97,4.67,90.95,93.35,92.21,1.13,-0.24,0.68
"Anders Nilsson","16-17","BUF","G",26,1484.25,64.98,858.16,1196.08,75.82,92.43,94.57,93.66,0.91,9.21,10.84
"Anders Nilsson","17-18","VAN","G",27,1463.68,84.13,863.71,1170.63,73.55,90.26,92.81,93.72,-0.9,-8.37,-10.58
"Anders Nilsson","18-19","OTT","G",24,1321.87,63.57,746.08,1047.14,59.49,91.48,93.93,94.32,-0.39,3.69,-4.08
"Anders Nilsson","18-19","VAN","G",12,717.93,37.14,361.5,512.33,32.62,89.73,92.75,93.63,-0.88,-4.55,-4.52
"Andrei Vasilevskiy","14-15","T.B","G",16,864.12,33.25,412.93,563.48,32.61,91.95,94.1,94.21,-0.11,1.96,-0.64
"Andrei Vasilevskiy","15-16","T.B","G",24,1258.63,56.9,635.74,886.07,49.8,91.05,93.58,94.38,-0.8,-2.73,-7.1
"Andrei Vasilevskiy","16-17","T.B","G",50,2831.27,125.16,1500.55,2007.44,113.59,91.66,93.77,94.34,-0.58,4.56,-11.57
"Andrei Vasilevskiy","17-18","T.B","G",65,3825.18,168.43,2050.46,2734.75,151.69,91.79,93.84,94.45,-0.61,11.42,-16.74
"Andrei Vasilevskiy","18-19","T.B","G",53,3203.75,128.53,1692.69,2268.18,135.55,92.41,94.33,94.02,0.31,24.06,7.02
"Andrew Hammond","14-15","OTT","G",24,1410.98,42.75,700.14,958.05,56.47,93.89,95.54,94.11,1.43,16.95,13.72
"Andrew Hammond","15-16","OTT","G",24,1382.32,61.72,721.31,999.47,62.68,91.44,93.82,93.73,0.1,-0.27,0.96
"Andrew Hammond","16-17","OTT","G",6,190.08,13.37,85.73,122.96,9.21,84.4,89.13,92.51,-3.38,-5.96,-4.16
"Andrew Hammond","17-18","COL","G",1,58.37,2.13,36.68,51.14,3.54,94.19,95.83,93.08,2.76,1.09,1.41
"Andrey Makarov","14-15","BUF","G",1,60,2.91,37.06,55.55,4.09,92.15,94.76,92.64,2.12,0.25,1.18
"Anthony Stolarz","16-17","PHI","G",7,376.08,12.97,180.75,243.62,15.75,92.82,94.68,93.54,1.14,2.65,2.78
"Anthony Stolarz","18-19","EDM","G",6,238.68,15.57,160.58,206.78,13.9,90.3,92.47,93.28,-0.81,-1.09,-1.67
"Anthony Stolarz","18-19","PHI","G",12,629.73,34.6,362.44,460.51,29.16,90.45,92.49,93.67,-1.18,-1.93,-5.44
"Antoine Bibeau","16-17","TOR","G",2,120.65,4.14,56.17,88.49,4.67,92.63,95.32,94.72,0.6,0.72,0.53
"Anton Forsberg","14-15","CBJ","G",5,255.72,20.68,157.64,191.2,15.98,86.88,89.18,91.64,-2.46,-7.24,-4.7
"Anton Forsberg","15-16","CBJ","G",4,178.15,8.74,100.85,133.89,10.42,91.33,93.47,92.22,1.25,-0.15,1.68
"Anton Forsberg","17-18","CHI","G",35,1714.78,84.86,927.54,1209.65,80.17,90.85,92.98,93.37,-0.39,-3.5,-4.69
"Anton Khudobin","14-15","CAR","G",34,1920.35,86.26,893.72,1272.81,85.83,90.35,93.22,93.26,-0.03,-10.05,-0.43
"Anton Khudobin","15-16","ANA","G",9,356.33,16.51,176.85,253.69,18.76,90.66,93.49,92.61,0.89,-1.45,2.25
"Anton Khudobin","16-17","BOS","G",16,884.78,39.91,415.3,574.81,36.9,90.39,93.06,93.58,-0.52,-4.01,-3.01
"Anton Khudobin","17-18","BOS","G",31,1780.72,75.13,863.7,1194.88,74.18,91.3,93.71,93.79,-0.08,0.62,-0.95
"Anton Khudobin","18-19","DAL","G",41,2219.5,94.58,1233.47,1691.67,103.15,92.33,94.41,93.9,0.51,16.61,8.57
"Antti Niemi","14-15","S.J","G",61,3587.9,155.55,1795.29,2533.81,153.29,91.34,93.86,93.95,-0.09,-2.45,-2.26
"Antti Niemi","15-16","DAL","G",48,2654.38,118.12,1246.68,1809.77,119.79,90.53,93.47,93.38,0.09,-11.9,1.67
"Antti Niemi","16-17","DAL","G",37,1728.5,95.6,897.82,1283.37,85.99,89.35,92.55,93.3,-0.75,-17.98,-9.61
"Antti Niemi","17-18","FLA","G",2,58.7,5.47,45.19,57.26,3.88,87.9,90.45,93.22,-2.78,-1.5,-1.59
"Antti Niemi","17-18","MTL","G",19,1026.27,41.73,590.34,850.3,56.08,92.93,95.09,93.4,1.69,10.05,14.35
"Antti Niemi","17-18","PIT","G",3,128.13,15.63,82.3,107.34,7.76,81.01,85.44,92.77,-7.33,-8.41,-7.87
"Antti Niemi","18-19","MTL","G",17,968.8,59.83,534.49,710.83,42.18,88.81,91.58,94.07,-2.48,-11.65,-17.65
"Antti Raanta","14-15","CHI","G",14,792.18,25.18,390.19,521.29,30.82,93.55,95.17,94.09,1.08,8.09,5.64
"Antti Raanta","15-16","NYR","G",25,1150.35,43.01,528.47,741.5,51.7,91.86,94.2,93.03,1.17,2.02,8.69
"Antti Raanta","16-17","NYR","G",30,1617.33,60.88,772.12,1067.37,67.61,92.12,94.3,93.67,0.63,5.87,6.73
"Antti Raanta","17-18","ARI","G",47,2599.05,98.07,1397.5,2044.37,123.21,92.98,95.2,93.97,1.23,24.51,25.14
"Antti Raanta","18-19","ARI","G",12,687.1,34.27,356.87,514.5,33.57,90.4,93.34,93.48,-0.14,-2.1,-0.7
"Ben Bishop","14-15","T.B","G",62,3519,135.38,1604.9,2243.13,133.32,91.56,93.96,94.06,-0.09,1.48,-2.06
"Ben Bishop","15-16","T.B","G",61,3584.63,122.73,1665.24,2333.14,130.59,92.63,94.74,94.4,0.34,19.15,7.86
"Ben Bishop","16-17","L.A","G",7,410.02,17.47,174.36,248.04,17.12,89.98,92.96,93.1,-0.14,-2.39,-0.35
"Ben Bishop","16-17","T.B","G",32,1812.6,77.11,861.37,1213.66,74.16,91.05,93.65,93.89,-0.24,-2.64,-2.95
"Ben Bishop","17-18","DAL","G",53,2886.83,120.82,1449.33,1999.22,124.44,91.66,93.96,93.78,0.18,6.31,3.62
"Ben Bishop","18-19","DAL","G",46,2637.3,87.55,1313,1825.73,109.29,93.33,95.2,94.01,1.19,30.82,21.74
"Ben Scrivens","14-15","EDM","G",57,3227.57,172.18,1566.14,2211.76,140.02,89.01,92.22,93.67,-1.45,-38.63,-32.16
"Ben Scrivens","15-16","MTL","G",15,821.97,41.13,453.04,604.66,37.85,90.92,93.2,93.74,-0.54,-2.53,-3.28
"Braden Holtby","14-15","WSH","G",73,4247.48,155.74,2011.31,2803.37,167.75,92.26,94.44,94.02,0.43,15.77,12.01
"Braden Holtby","15-16","WSH","G",66,3841.18,140.14,1776.59,2518.46,154.02,92.11,94.44,93.88,0.55,11.23,13.88
"Braden Holtby","16-17","WSH","G",63,3680.17,125.63,1654.15,2377.5,155.66,92.41,94.72,93.45,1.26,17.37,30.03
"Braden Holtby","17-18","WSH","G",54,3067.8,152.65,1641.45,2338,152.35,90.7,93.47,93.48,-0.01,-8.68,-0.3
"Braden Holtby","18-19","WSH","G",59,3406.57,159.23,1775.16,2532.24,169.29,91.03,93.71,93.31,0.4,0.8,10.06
"Brian Elliott","14-15","STL","G",46,2545.8,96.3,1136.28,1598.04,92.37,91.52,93.97,94.22,-0.25,0.6,-3.93
"Brian Elliott","15-16","STL","G",42,2263,78.96,1110.93,1544.87,102.96,92.89,94.89,93.34,1.55,15.69,24
"Brian Elliott","16-17","CGY","G",49,2844.42,121.24,1342.35,1848.99,118.49,90.97,93.44,93.59,-0.15,-5.19,-2.75
"Brian Elliott","17-18","PHI","G",43,2522,110.68,1213.23,1721.26,107.26,90.88,93.57,93.77,-0.2,-4.27,-3.42
"Brian Elliott","18-19","PHI","G",26,1396.72,69.62,753.85,1027.87,67.92,90.76,93.23,93.39,-0.17,-1.67,-1.7
"Calvin Petersen","18-19","L.A","G",11,621.7,26.84,352.5,476.95,28.1,92.39,94.37,94.11,0.26,4.94,1.26
"Calvin Pickard","14-15","COL","G",16,895.1,35.51,517.9,712.1,44.11,93.14,95.01,93.81,1.21,8.66,8.6
"Calvin Pickard","15-16","COL","G",20,985.43,41.57,546.89,759.82,49.89,92.4,94.53,93.43,1.09,5.02,8.32
"Calvin Pickard","16-17","COL","G",50,2820.27,141.8,1506.6,2059.56,118.92,90.59,93.12,94.23,-1.11,-11.55,-22.88
"Calvin Pickard","18-19","ARI","G",6,282.63,16.88,164.57,216.71,15.82,89.74,92.21,92.7,-0.49,-2.05,-1.06
"Calvin Pickard","18-19","PHI","G",11,464.17,30.78,220.57,312.45,20.09,86.05,90.15,93.57,-3.42,-10.89,-10.69
"Cam Talbot","14-15","NYR","G",36,2094.95,75.67,1023.28,1458.11,91.56,92.61,94.81,93.72,1.09,11.59,15.89
"Cam Talbot","15-16","EDM","G",56,3213.17,141.3,1667.74,2294.09,147.68,91.53,93.84,93.56,0.28,0.79,6.38
"Cam Talbot","16-17","EDM","G",73,4294,170.49,2100.36,2874.32,201.69,91.88,94.07,92.98,1.09,11.09,31.2
"Cam Talbot","17-18","EDM","G",67,3730.1,189.75,2061.57,2805.71,191.84,90.8,93.24,93.16,0.07,-8.93,2.09
"Cam Talbot","18-19","EDM","G",31,1694.57,96.52,907.2,1239.97,80.21,89.36,92.22,93.53,-1.32,-14.73,-16.31
"Cam Talbot","18-19","PHI","G",4,210.7,12.47,110.49,160.68,10.88,88.71,92.24,93.23,-0.99,-2.51,-1.59
"Cam Ward","14-15","CAR","G",51,3025.72,120.38,1355.04,1959.62,119.11,91.12,93.86,93.92,-0.06,-4.82,-1.27
"Cam Ward","15-16","CAR","G",52,3037.83,122.26,1340.31,1913.84,124.86,90.88,93.61,93.48,0.14,-8.07,2.6
"Cam Ward","16-17","CAR","G",61,3617.92,161.99,1717.08,2398.24,156.24,90.57,93.25,93.49,-0.24,-13.54,-5.75
"Cam Ward","17-18","CAR","G",43,2459.33,112.41,1177.38,1624.35,104.76,90.45,93.08,93.55,-0.47,-9.14,-7.65
"Cam Ward","18-19","CHI","G",33,1882.05,115.13,1119.09,1467.58,101.39,89.71,92.16,93.09,-0.94,-14.25,-13.74
"Carey Price","14-15","MTL","G",66,3976.55,130.93,1955.66,2713.7,169.81,93.31,95.18,93.74,1.43,35.84,38.88
"Carey Price","15-16","MTL","G",12,698.33,23.02,352.38,474.63,30.68,93.47,95.15,93.54,1.61,7,7.66
"Carey Price","16-17","MTL","G",62,3708.13,137.79,1797.06,2414.43,151.53,92.33,94.29,93.72,0.57,17.57,13.74
"Carey Price","17-18","MTL","G",49,2854.62,149.45,1519.09,2037.89,123.82,90.16,92.67,93.92,-1.26,-16.21,-25.63
"Carey Price","18-19","MTL","G",66,3880.25,160.97,1942.45,2639.94,165.43,91.71,93.9,93.73,0.17,14.14,4.46
"Carter Hart","18-19","PHI","G",31,1716.92,82.93,995.25,1316.79,80.23,91.67,93.7,93.91,-0.21,6.79,-2.7
"Carter Hutton","14-15","NSH","G",18,1009.85,42.83,448.2,648.16,39.31,90.44,93.39,93.94,-0.54,-4.61,-3.52
"Carter Hutton","15-16","NSH","G",17,978.93,36.8,455.54,646.5,39.6,91.92,94.31,93.87,0.43,2.01,2.8
"Carter Hutton","16-17","STL","G",30,1459.05,58.77,667.01,931.9,57.14,91.19,93.69,93.87,-0.17,-1.1,-1.63
"Carter Hutton","17-18","STL","G",32,1609.53,55.85,802.8,1075.07,68.53,93.04,94.8,93.63,1.18,14.56,12.68
"Carter Hutton","18-19","BUF","G",50,2839.62,142.01,1564.04,2145.29,128.82,90.92,93.38,94,-0.61,-1.01,-13.19
"Casey Desmith","17-18","PIT","G",14,700.15,27.63,351.66,484.74,32.9,92.14,94.3,93.21,1.09,3.21,5.27
"Casey Desmith","18-19","PIT","G",36,1943.55,88.78,1058.21,1399.02,89.38,91.61,93.65,93.61,0.04,6.61,0.6
"Chad Johnson","14-15","NYI","G",19,1052.82,52.66,478.21,671.66,42.3,88.99,92.16,93.7,-1.54,-11.88,-10.36
"Chad Johnson","15-16","BUF","G",45,2591.08,101.24,1274.44,1806.02,108.51,92.06,94.39,93.99,0.4,7.34,7.27
"Chad Johnson","16-17","CGY","G",36,2013.2,89.09,976.56,1404.33,90.81,90.88,93.66,93.53,0.12,-4.67,1.72
"Chad Johnson","17-18","BUF","G",36,1773.53,106.05,988.49,1355.97,81.17,89.27,92.18,94.01,-1.83,-19.35,-24.88
"Chad Johnson","18-19","ANA","G",9,319.7,19.44,162.19,236.16,14.77,88.01,91.77,93.75,-1.98,-4.82,-4.67
"Chad Johnson","18-19","STL","G",10,490.78,29.9,257.51,353.41,22.7,88.39,91.54,93.58,-2.04,-6.69,-7.2
"Charlie Lindgren","16-17","MTL","G",2,121.7,2.83,56.6,76.16,4.61,95,96.28,93.95,2.34,2.07,1.78
"Charlie Lindgren","17-18","MTL","G",14,832.97,41.86,467.44,661.05,44.84,91.04,93.67,93.22,0.45,-0.86,2.98
"Charlie Lindgren","18-19","MTL","G",1,65,5.22,50.99,66.74,5.6,89.76,92.18,91.61,0.57,-0.62,0.38
"Chris Gibson","15-16","NYI","G",4,194.03,11.28,98.12,138.36,7.57,88.5,91.85,94.53,-2.68,-2.92,-3.71
"Chris Gibson","17-18","NYI","G",8,426.87,27.05,280.27,387,24.83,90.35,93.01,93.58,-0.57,-2.47,-2.22
"Collin Delia","17-18","CHI","G",2,105.98,6.81,63.08,74.23,3.78,89.2,90.83,94.91,-4.08,-1.28,-3.03
"Collin Delia","18-19","CHI","G",16,831.05,49.92,543.22,693.92,46.57,90.81,92.81,93.29,-0.48,-0.95,-3.35
"Connor Hellebuyck","15-16","WPG","G",26,1433.47,57.39,677.47,936.06,65.05,91.53,93.87,93.05,0.82,0.33,7.66
"Connor Hellebuyck","16-17","WPG","G",55,3013.52,144.05,1564.73,2126.43,134.8,90.79,93.23,93.66,-0.44,-8.78,-9.25
"Connor Hellebuyck","17-18","WPG","G",67,3965.9,156.48,2011.97,2806.18,169.29,92.22,94.42,93.97,0.46,20,12.81
"Connor Hellebuyck","18-19","WPG","G",63,3704.1,179.26,2040.86,2753.26,173.19,91.22,93.49,93.71,-0.22,4.71,-6.07
"Corey Crawford","14-15","CHI","G",57,3333.33,126.45,1654.56,2172.88,135.05,92.36,94.18,93.78,0.4,14.64,8.6
"Corey Crawford","15-16","CHI","G",58,3322.65,129.11,1694.45,2265.28,150.76,92.38,94.3,93.34,0.96,15.26,21.65
"Corey Crawford","16-17","CHI","G",55,3246.87,136.19,1670.97,2241.71,146.4,91.85,93.92,93.47,0.46,8.27,10.21
"Corey Crawford","17-18","CHI","G",28,1583.5,59.95,837.71,1148.21,73.75,92.84,94.78,93.58,1.2,13.53,13.8
"Corey Crawford","18-19","CHI","G",39,2212.85,107.61,1190.93,1591.02,108.72,90.96,93.24,93.17,0.07,-0.25,1.11
"Cory Schneider","14-15","N.J","G",69,3923.93,147.27,1985.04,2637.38,164.87,92.58,94.42,93.75,0.67,22.01,17.6
"Cory Schneider","15-16","N.J","G",58,3412.47,122.57,1602.4,2135.99,140.69,92.35,94.26,93.41,0.85,13.95,18.12
"Cory Schneider","16-17","N.J","G",60,3472.83,164.63,1805.54,2476.36,158.6,90.88,93.35,93.6,-0.24,-8.53,-6.03
"Cory Schneider","17-18","N.J","G",40,2332.25,114.26,1226.01,1712.75,108.59,90.68,93.33,93.66,-0.33,-6.72,-5.67
"Cory Schneider","18-19","N.J","G",26,1371.78,69.66,730.78,1013.2,61.44,90.47,93.12,93.94,-0.81,-3.79,-8.22
"Craig Anderson","14-15","OTT","G",35,2092.52,86.31,1119.86,1507.71,88.12,92.29,94.28,94.16,0.12,9.19,1.81
"Craig Anderson","15-16","OTT","G",60,3477.13,160.64,1924.77,2611.19,158.93,91.65,93.85,93.91,-0.07,3.35,-1.71
"Craig Anderson","16-17","OTT","G",40,2421.23,91.68,1249.25,1741.76,101.16,92.66,94.74,94.19,0.54,16.32,9.48
"Craig Anderson","17-18","OTT","G",58,3250.53,183.04,1800.49,2488.58,154.72,89.83,92.64,93.78,-1.14,-25.11,-28.32
"Craig Anderson","18-19","OTT","G",50,2785.18,163.04,1701.11,2317.66,141.34,90.42,92.97,93.9,-0.94,-9.69,-21.7
"Curtis McElhinney","14-15","CBJ","G",32,1710.02,82.23,957.21,1284.88,80.63,91.41,93.6,93.72,-0.12,-0.6,-1.6
"Curtis McElhinney","15-16","CBJ","G",18,835.43,45.33,428.72,605.83,43.15,89.43,92.52,92.88,-0.36,-8.8,-2.18
"Curtis McElhinney","16-17","CBJ","G",7,375.92,14.93,198.26,260.22,16.64,92.47,94.26,93.61,0.66,2.21,1.71
"Curtis McElhinney","16-17","TOR","G",14,758.73,35.95,419.62,598.8,39,91.43,94,93.49,0.51,0.33,3.05
"Curtis McElhinney","17-18","TOR","G",18,979.12,34.86,513.93,724.85,43.45,93.22,95.19,94.01,1.19,10.22,8.59
"Curtis McElhinney","18-19","CAR","G",33,1977.52,85.4,957.22,1350.4,93.08,91.08,93.68,93.11,0.57,0.89,7.68
"Dan Ellis","14-15","FLA","G",8,486.47,19.37,225.1,313.9,17.49,91.39,93.83,94.43,-0.6,-0.18,-1.88
"Darcy Kuemper","14-15","MIN","G",31,1568.72,67.97,713.89,1002.68,54.9,90.48,93.22,94.52,-1.3,-7.1,-13.07
"Darcy Kuemper","15-16","MIN","G",21,1053.5,42.57,497.62,716.67,42.94,91.45,94.06,94.01,0.05,-0.18,0.37
"Darcy Kuemper","16-17","MIN","G",18,1053.03,53.55,540.38,760.04,42.67,90.09,92.95,94.39,-1.43,-6.84,-10.88
"Darcy Kuemper","17-18","ARI","G",10,596.67,31.14,313.99,441.43,27.87,90.08,92.95,93.69,-0.74,-3.6,-3.27
"Darcy Kuemper","17-18","L.A","G",19,999.22,34.46,514.54,716.15,45.6,93.3,95.19,93.63,1.56,10.67,11.14
"Darcy Kuemper","18-19","ARI","G",55,3251.25,125.84,1663.85,2321.72,134.14,92.44,94.58,94.22,0.36,24.16,8.3
"David Rittich","17-18","CGY","G",21,1008.23,47.5,494.7,694.06,42.95,90.4,93.16,93.81,-0.66,-4.11,-4.55
"David Rittich","18-19","CGY","G",45,2503.33,109.58,1215.92,1706.2,108.36,90.99,93.58,93.65,-0.07,0.03,-1.22
"Devan Dubnyk","14-15","ARI","G",19,1034.93,47.11,563.86,808,48.63,91.65,94.17,93.98,0.19,0.97,1.52
"Devan Dubnyk","14-15","MIN","G",39,2293.27,68.69,1046.63,1464.93,79.39,93.44,95.31,94.58,0.73,20.57,10.7
"Devan Dubnyk","15-16","MIN","G",67,3856.67,149.71,1831.09,2607.96,146.5,91.82,94.26,94.38,-0.12,6.3,-3.21
"Devan Dubnyk","16-17","MIN","G",65,3758,140.62,1820.08,2533.06,131.8,92.27,94.45,94.8,-0.35,16.73,-8.82
"Devan Dubnyk","17-18","MIN","G",60,3450.32,144.44,1749.11,2451.63,130.68,91.74,94.11,94.67,-0.56,8.98,-13.76
"Devan Dubnyk","18-19","MIN","G",67,3855.27,162.29,1883.88,2651.56,143.57,91.39,93.88,94.59,-0.71,7.54,-18.72
"Dustin Tokarski","14-15","MTL","G",17,1004.97,44.96,504.03,685.54,44.72,91.08,93.44,93.48,-0.04,-1.98,-0.24
"Dustin Tokarski","15-16","MTL","G",6,226.17,12.15,100.24,137.08,8.63,87.88,91.14,93.7,-2.57,-3.61,-3.52
"Eddie Lack","14-15","VAN","G",41,2323.97,95.34,1217.79,1635.26,110.9,92.17,94.17,93.22,0.95,8.51,15.56
"Eddie Lack","15-16","CAR","G",34,1920.1,89.77,907.63,1315.22,87.49,90.11,93.17,93.35,-0.17,-12.44,-2.28
"Eddie Lack","16-17","CAR","G",20,1089.85,47.4,485.39,726.29,46.87,90.23,93.47,93.55,-0.07,-5.44,-0.53
"Eddie Lack","17-18","CGY","G",4,136.2,11.97,65.6,95.97,5.27,81.75,87.53,94.51,-6.98,-6.22,-6.7
"Eddie Lack","17-18","N.J","G",4,207.42,11.1,112.5,157.67,9.36,90.13,92.96,94.06,-1.1,-1.23,-1.74
"Edward Pasquale","18-19","T.B","G",3,181.97,11.48,97.9,141.61,8.91,88.27,91.89,93.71,-1.81,-2.66,-2.57
"Eric Comrie","17-18","WPG","G",3,180.25,11.7,97.42,120.51,7.47,87.99,90.29,93.8,-3.51,-3.15,-4.23
"Evgeni Nabokov","14-15","T.B","G",11,553.43,27.94,245.28,333.82,22.7,88.61,91.63,93.2,-1.57,-7.03,-5.24
"Frederik Andersen","14-15","ANA","G",54,3105.73,122.94,1428,2077.81,132.46,91.39,94.08,93.63,0.46,-1.17,9.52
"Frederik Andersen","15-16","ANA","G",43,2297.93,85.84,1063.17,1504.15,92.79,91.93,94.29,93.83,0.46,4.75,6.95
"Frederik Andersen","16-17","TOR","G",66,3799.33,169.43,2021.38,2874.34,188.15,91.62,94.11,93.45,0.65,5.33,18.72
"Frederik Andersen","17-18","TOR","G",66,3888.52,181.2,2195.79,3038.43,191.57,91.75,94.04,93.7,0.34,11.4,10.37
"Frederik Andersen","18-19","TOR","G",60,3510.25,161.33,1929.28,2753.47,169.75,91.64,94.14,93.84,0.31,12.59,8.42
"Garret Sparks","15-16","TOR","G",17,974.95,49.84,469.85,660.84,40.57,89.39,92.46,93.86,-1.4,-9.81,-9.27
"Garret Sparks","18-19","TOR","G",20,1104.7,58.21,607.89,844.09,49.02,90.42,93.1,94.19,-1.09,-3.41,-9.19
"Harri Sateri","17-18","FLA","G",9,492.6,23.8,273.93,363.71,21.63,91.31,93.46,94.05,-0.6,0.23,-2.17
"Henrik Lundqvist","14-15","NYR","G",46,2742.6,103.3,1315.44,1840.24,116.54,92.15,94.39,93.67,0.72,8.87,13.24
"Henrik Lundqvist","15-16","NYR","G",65,3772.37,154.74,1913.88,2691.96,181.1,91.91,94.25,93.27,0.98,8.32,26.36
"Henrik Lundqvist","16-17","NYR","G",57,3240.43,149.41,1646.45,2302.31,151.39,90.93,93.51,93.42,0.09,-7.07,1.98
"Henrik Lundqvist","17-18","NYR","G",63,3502.53,174.09,2050.03,2760.18,178.24,91.51,93.69,93.54,0.15,5.72,4.15
"Henrik Lundqvist","18-19","NYR","G",52,3088.88,158.06,1721.79,2356.16,152.49,90.82,93.29,93.53,-0.24,-2.84,-5.57
"Ilya Bryzgalov","14-15","ANA","G",8,329.48,22.54,152.95,211.33,12.55,85.26,89.33,94.06,-4.73,-9.5,-9.99
"j-f Berube","15-16","NYI","G",7,398.7,18.28,214.96,274.02,20.74,91.5,93.33,92.43,0.9,0.04,2.46
"j-f Berube","16-17","NYI","G",14,526.82,30.49,276.85,374.78,22.11,88.99,91.86,94.1,-2.24,-6.55,-8.38
"j-f Berube","17-18","CHI","G",13,667.38,41.6,407.2,551.29,37.85,89.78,92.45,93.13,-0.68,-5.89,-3.75
"Jack Campbell","17-18","L.A","G",5,266.62,11.17,145.22,194.48,9.88,92.31,94.26,94.92,-0.66,1.57,-1.29
"Jack Campbell","18-19","L.A","G",31,1592.77,61.54,855.39,1233.39,73.76,92.81,95.01,94.02,0.99,15.58,12.22
"Jacob Markstrom","14-15","VAN","G",3,77.63,4.14,32.71,51.37,2.83,87.34,91.94,94.49,-2.55,-1.35,-1.31
"Jacob Markstrom","15-16","VAN","G",32,1847.43,85.38,1008.1,1376.97,91.62,91.53,93.8,93.35,0.45,0.51,6.24
"Jacob Markstrom","16-17","VAN","G",25,1411.83,61.96,699.56,956.79,62.44,91.14,93.52,93.47,0.05,-1.48,0.48
"Jacob Markstrom","17-18","VAN","G",60,3413.72,155.96,1766.86,2461.03,151.12,91.17,93.66,93.86,-0.2,-0.99,-4.84
"Jacob Markstrom","18-19","VAN","G",60,3599.02,165.58,1893.92,2602.32,168.96,91.26,93.64,93.51,0.13,5.16,3.38
"Jake Allen","14-15","STL","G",37,2076.8,79.35,907.03,1273.57,79.03,91.25,93.77,93.79,-0.03,-2,-0.32
"Jake Allen","15-16","STL","G",47,2583.37,100.7,1255.07,1683.03,107.43,91.98,94.02,93.62,0.4,6.23,6.73
"Jake Allen","16-17","STL","G",61,3418.32,138.43,1610.28,2225.46,132.07,91.4,93.78,94.07,-0.29,0.79,-6.36
"Jake Allen","17-18","STL","G",59,3316.97,151.83,1621.43,2190.89,130.49,90.64,93.07,94.04,-0.97,-9.61,-21.34
"Jake Allen","18-19","STL","G",46,2567.92,121.57,1269.41,1734.79,112.88,90.42,92.99,93.49,-0.5,-7.14,-8.69
"James Reimer","14-15","TOR","G",35,1766.88,93.12,1033.39,1388.52,89.06,90.99,93.29,93.59,-0.29,-5,-4.06
"James Reimer","15-16","S.J","G",8,481.43,13.26,203.71,273.53,14.49,93.49,95.15,94.7,0.45,4.09,1.23
"James Reimer","15-16","TOR","G",32,1809.02,75.62,937.87,1322.49,76.25,91.94,94.28,94.23,0.05,4.28,0.63
"James Reimer","16-17","FLA","G",43,2324.58,98.19,1225.42,1639.49,99.82,91.99,94.01,93.91,0.1,7.75,1.63
"James Reimer","17-18","FLA","G",44,2411.42,119.02,1351.97,1833.27,118.1,91.2,93.51,93.56,-0.05,-0.44,-0.92
"James Reimer","18-19","FLA","G",36,1805.18,93.18,933.91,1257.9,82.71,90.02,92.59,93.42,-0.83,-8.99,-10.47
"Jared Coreau","16-17","DET","G",14,712.27,41.12,360.17,507.31,32.63,88.58,91.89,93.57,-1.67,-9.99,-8.49
"Jared Coreau","17-18","DET","G",7,380.43,26.4,206.24,284.94,17.69,87.2,90.73,93.79,-3.06,-8.31,-8.71
"Jaroslav Halak","14-15","NYI","G",59,3549.95,144.06,1654,2290.32,163.33,91.29,93.71,92.87,0.84,-3.02,19.27
"Jaroslav Halak","15-16","NYI","G",36,2091.18,79.33,978.32,1354.57,89.81,91.89,94.14,93.37,0.77,4.03,10.48
"Jaroslav Halak","16-17","NYI","G",28,1605.48,74.84,884.48,1225.74,81.17,91.54,93.89,93.38,0.52,1.63,6.33
"Jaroslav Halak","17-18","NYI","G",54,3024.05,161.57,1763.96,2378.19,152.34,90.84,93.21,93.59,-0.39,-6.85,-9.23
"Jaroslav Halak","18-19","BOS","G",40,2308.12,89.37,1146.25,1577.72,99.45,92.2,94.34,93.7,0.64,13.96,10.08
"Jason Labarbera","14-15","ANA","G",5,207.47,9.61,106.66,141.35,7.47,90.99,93.2,94.72,-1.51,-0.52,-2.14
"Jeff Glass","17-18","CHI","G",15,820.9,46.07,459.8,635.7,45.44,89.98,92.75,92.85,-0.1,-5.74,-0.63
"Jeff Zatkoff","15-16","PIT","G",14,732.05,34.21,417.25,546.19,30.24,91.8,93.74,94.46,-0.73,1.33,-3.97
"Jeff Zatkoff","16-17","L.A","G",13,550.4,27.29,230.22,309.01,18.16,88.15,91.17,94.12,-2.95,-7.39,-9.13
"Jeremy Smith","16-17","COL","G",10,542.72,31.75,291.35,384.81,24.83,89.1,91.75,93.55,-1.8,-6.56,-6.92
"Jhonas Enroth","14-15","BUF","G",37,2204.03,121.65,1277.72,1796.97,109.99,90.48,93.23,93.88,-0.65,-12.69,-11.66
"Jhonas Enroth","14-15","DAL","G",13,629.57,24.36,265.92,385.35,22.52,90.84,93.68,94.16,-0.48,-1.69,-1.84
"Jhonas Enroth","15-16","L.A","G",16,856.3,30,395.33,543.33,34.7,92.41,94.48,93.61,0.87,3.68,4.7
"Jhonas Enroth","16-17","TOR","G",6,274.43,17.53,145.51,195.69,13.02,87.95,91.04,93.35,-2.3,-4.95,-4.51
"Jimmy Howard","14-15","DET","G",53,2970.62,121.51,1360.12,1839.23,112.93,91.07,93.39,93.86,-0.47,-5.52,-8.58
"Jimmy Howard","15-16","DET","G",37,1973.88,91.49,976.05,1329.81,87.58,90.63,93.12,93.41,-0.29,-8.33,-3.91
"Jimmy Howard","16-17","DET","G",26,1396.72,49.51,684.56,970.35,60.56,92.77,94.9,93.76,1.14,9.67,11.05
"Jimmy Howard","17-18","DET","G",60,3367.77,160.19,1782.12,2428.48,157.74,91.01,93.4,93.5,-0.1,-3.87,-2.45
"Jimmy Howard","18-19","DET","G",55,3052.72,157.72,1723.15,2395.27,158.55,90.85,93.42,93.38,0.03,-2.38,0.83
"Joey Daccord","18-19","OTT","G",1,60,4.65,39.28,57.34,2.61,88.16,91.89,95.45,-3.56,-1.11,-2.04
"John Gibson","14-15","ANA","G",23,1339.92,58.11,680.64,938.36,56.69,91.46,93.81,93.96,-0.15,-0.07,-1.42
"John Gibson","15-16","ANA","G",40,2294.67,78.76,991.28,1410.14,86.12,92.05,94.41,93.89,0.52,5.7,7.36
"John Gibson","16-17","ANA","G",52,2950.35,109.1,1437.9,2012.17,133.48,92.41,94.58,93.37,1.21,15.21,24.38
"John Gibson","17-18","ANA","G",60,3428.48,140.66,1858.82,2657.63,173.52,92.43,94.71,93.47,1.24,22.39,32.86
"John Gibson","18-19","ANA","G",58,3233.03,153.16,1848.87,2613.54,180.06,91.72,94.14,93.11,1.03,13.51,26.9
"Jon Gillies","17-18","CGY","G",11,604.93,29.67,287.17,404.6,27.18,89.67,92.67,93.28,-0.62,-4.48,-2.49
"Jonas Gustavsson","14-15","DET","G",7,351.2,14.18,166.77,234.13,14.34,91.5,93.94,93.88,0.07,0.04,0.16
"Jonas Gustavsson","15-16","BOS","G",24,1258.47,57.18,623.16,863.87,49.45,90.82,93.38,94.28,-0.89,-4.08,-7.73
"Jonas Gustavsson","16-17","EDM","G",7,328.97,16.16,138.8,196.25,12.01,88.36,91.77,93.88,-2.11,-4.16,-4.15
"Jonas Hiller","14-15","CGY","G",52,2868.83,115.05,1393.47,2044.32,119,91.74,94.37,94.18,0.19,3.78,3.95
"Jonas Hiller","15-16","CGY","G",26,1350.87,78.76,660.07,954.87,61.58,88.07,91.75,93.55,-1.8,-22.53,-17.18
"Jonathan Bernier","14-15","TOR","G",58,3177.15,154.61,1757.63,2532.07,156.93,91.2,93.89,93.8,0.09,-4.73,2.32
"Jonathan Bernier","15-16","TOR","G",38,2146.77,103.09,1118.94,1574.09,91.22,90.79,93.45,94.2,-0.75,-7.75,-11.87
"Jonathan Bernier","16-17","ANA","G",39,1993.18,81.8,962.37,1457.65,90.17,91.5,94.39,93.81,0.57,1.4,8.37
"Jonathan Bernier","17-18","COL","G",37,2001.38,94.03,1079.38,1478.39,86.94,91.29,93.64,94.12,-0.48,0.64,-7.09
"Jonathan Bernier","18-19","DET","G",35,1859.9,96.73,1031.46,1414.86,91.61,90.62,93.16,93.53,-0.36,-3.75,-5.12
"Jonathan Quick","14-15","L.A","G",72,4184.25,155.29,1883.91,2676.33,161.82,91.76,94.2,93.95,0.24,5.36,6.53
"Jonathan Quick","15-16","L.A","G",68,4034.48,149.42,1799.03,2550.86,169.54,91.69,94.14,93.35,0.79,3.86,20.12
"Jonathan Quick","16-17","L.A","G",17,930.95,35.64,430.12,648.89,46.47,91.71,94.51,92.84,1.67,1.54,10.83
"Jonathan Quick","17-18","L.A","G",64,3677.08,148.31,1884.45,2691.88,176.58,92.13,94.49,93.44,1.05,16.98,28.27
"Jonathan Quick","18-19","L.A","G",46,2647.57,151.02,1361.19,1959.59,125.55,88.91,92.29,93.59,-1.3,-28.31,-25.47
"Joni Ortio","14-15","CGY","G",6,333.28,13.39,146.68,209.63,12.28,90.87,93.61,94.14,-0.53,-0.88,-1.11
"Joni Ortio","15-16","CGY","G",22,1196.75,55.55,565.5,818.09,53.24,90.18,93.21,93.49,-0.28,-7.37,-2.31
"Joonas Korpisalo","15-16","CBJ","G",31,1803.05,77.82,969.34,1351.44,88.82,91.97,94.24,93.43,0.81,4.77,11
"Joonas Korpisalo","16-17","CBJ","G",14,790.52,37.27,391.15,572.8,38.36,90.47,93.49,93.3,0.19,-3.45,1.09
"Joonas Korpisalo","17-18","CBJ","G",18,1048.82,57.59,568.36,744.06,49.64,89.87,92.26,93.33,-1.07,-7.74,-7.95
"Joonas Korpisalo","18-19","CBJ","G",27,1360.57,67.91,656.12,897.85,57.8,89.65,92.44,93.56,-1.13,-8.76,-10.11
"Jordan Binnington","18-19","STL","G",32,1876.42,59.05,782.78,1101.88,67.9,92.46,94.64,93.84,0.8,11.52,8.85
"Jussi Rynnas","14-15","DAL","G",2,92.42,7.11,48.4,67.64,4.8,85.31,89.49,92.9,-3.42,-2.99,-2.31
"Justin Peters","14-15","WSH","G",12,646.98,35.09,301.52,441.76,27.8,88.36,92.06,93.71,-1.65,-9.37,-7.29
"Justin Peters","16-17","ARI","G",3,132.92,6.7,73.66,97.29,5.52,90.9,93.11,94.33,-1.21,-0.33,-1.18
"Juuse Saros","16-17","NSH","G",21,1199.92,46.73,606.06,873.5,51.63,92.29,94.65,94.09,0.56,5.66,4.9
"Juuse Saros","17-18","NSH","G",26,1496.67,59.66,800.86,1095.82,74.71,92.55,94.56,93.18,1.37,10.59,15.05
"Juuse Saros","18-19","NSH","G",31,1696.22,74.32,871.74,1234.41,78.5,91.47,93.98,93.64,0.34,4.26,4.18
"Kari Lehtonen","14-15","DAL","G",65,3697.68,181.41,1849.92,2613.02,169.6,90.19,93.06,93.51,-0.45,-23.66,-11.81
"Kari Lehtonen","15-16","DAL","G",43,2279.18,104.59,1110.54,1604.63,104.38,90.58,93.48,93.5,-0.01,-9.97,-0.21
"Kari Lehtonen","16-17","DAL","G",59,3177.15,150.26,1540.81,2205.64,151.59,90.25,93.19,93.13,0.06,-17.05,1.33
"Kari Lehtonen","17-18","DAL","G",37,1944.3,82.27,938.31,1310.43,75.4,91.23,93.72,94.25,-0.52,0.03,-6.87
"Karri Ramo","14-15","CGY","G",34,1731.78,76.01,855.67,1192.5,73.49,91.12,93.63,93.84,-0.21,-3.04,-2.52
"Karri Ramo","15-16","CGY","G",37,2144.63,93.47,1033.31,1446.31,89.26,90.95,93.54,93.83,-0.29,-5.44,-4.21
"Keith Kinkaid","14-15","N.J","G",19,925.43,39.43,468.87,627.36,38.71,91.59,93.71,93.83,-0.11,0.55,-0.72
"Keith Kinkaid","15-16","N.J","G",23,1240.75,57.84,607.76,839.39,50.36,90.48,93.11,94,-0.89,-6.06,-7.48
"Keith Kinkaid","16-17","N.J","G",26,1476.08,65.69,790.17,1067.16,68.49,91.69,93.84,93.58,0.26,2.63,2.8
"Keith Kinkaid","17-18","N.J","G",41,2297.57,104.59,1204.34,1700.71,102.49,91.32,93.85,93.97,-0.12,1.04,-2.1
"Keith Kinkaid","18-19","N.J","G",41,2301.97,129.03,1197.77,1704.96,104.09,89.23,92.43,93.89,-1.46,-21.05,-24.94
"Ken Appleby","17-18","N.J","G",3,124.33,3.31,58.75,83.47,5.3,94.37,96.03,93.65,2.38,1.84,1.99
"Kevin Boyle","18-19","ANA","G",5,276.85,10.12,146.33,212.2,11.71,93.08,95.23,94.48,0.75,3.07,1.59
"Laurent Brossoit","14-15","EDM","G",1,59.6,2.07,51.94,71.33,6.72,96.01,97.1,90.58,6.52,2.36,4.65
"Laurent Brossoit","15-16","EDM","G",5,299.52,18.16,150.97,233.11,15.44,87.97,92.21,93.38,-1.17,-5.3,-2.72
"Laurent Brossoit","16-17","EDM","G",8,332.45,10.77,152.02,211.39,14.28,92.92,94.91,93.24,1.66,2.37,3.51
"Laurent Brossoit","17-18","EDM","G",14,740.23,41.3,353.2,478.66,31.98,88.31,91.37,93.32,-1.95,-10.32,-9.32
"Laurent Brossoit","18-19","WPG","G",21,1165.28,48.17,645.59,887.93,59.06,92.54,94.58,93.35,1.23,10.03,10.89
"Linus Ullmark","15-16","BUF","G",20,1130.67,49.26,571.16,795.08,43.52,91.38,93.8,94.53,-0.72,-0.6,-5.74
"Linus Ullmark","17-18","BUF","G",5,240.3,8.41,128.86,184.02,8.89,93.47,95.43,95.17,0.26,2.9,0.48
"Linus Ullmark","18-19","BUF","G",37,2102.1,109.54,1147.42,1500.36,92.14,90.45,92.7,93.86,-1.16,-6.1,-17.4
"Louis Domingue","14-15","ARI","G",7,307.75,14.06,168.47,247.27,15.46,91.65,94.31,93.75,0.57,0.3,1.4
"Louis Domingue","15-16","ARI","G",39,2206.07,102.44,1166.62,1682.23,97.25,91.22,93.91,94.22,-0.31,-3.05,-5.19
"Louis Domingue","16-17","ARI","G",31,1598.68,80.41,897.09,1277.39,77.81,91.04,93.71,93.91,-0.2,-2.86,-2.6
"Louis Domingue","17-18","ARI","G",7,387.75,27.91,194.85,276.31,16.18,85.68,89.9,94.14,-4.25,-10.82,-11.73
"Louis Domingue","17-18","T.B","G",12,686.02,32.16,378.4,505.38,36.31,91.5,93.64,92.82,0.82,1.03,4.15
"Louis Domingue","18-19","T.B","G",26,1560.62,73.06,784.71,1051.52,64.94,90.69,93.05,93.82,-0.77,-2.32,-8.12
"Mackenzie Blackwood","18-19","N.J","G",23,1263.87,54.75,674.19,933.61,54.32,91.88,94.14,94.18,-0.05,6.02,-0.43
"Mackenzie Skapski","14-15","NYR","G",2,119.08,0.94,41.59,53.25,3.5,97.74,98.23,93.43,4.81,2.6,2.56
"Malcolm Subban","17-18","VGK","G",22,1230.18,54.16,606.33,859.01,55.51,91.07,93.7,93.54,0.16,-0.98,1.35
"Malcolm Subban","18-19","VGK","G",21,1226.78,59.26,618.35,813.38,50.4,90.42,92.71,93.8,-1.09,-3.52,-8.86
"Marc-Andre Fleury","14-15","PIT","G",64,3776.98,147.56,1827.21,2461.09,160.09,91.92,94,93.5,0.51,8.25,12.53
"Marc-Andre Fleury","15-16","PIT","G",58,3462.55,132.91,1662.82,2283.92,136.02,92.01,94.18,94.04,0.14,8.76,3.11
"Marc-Andre Fleury","16-17","PIT","G",38,2125.25,106.59,1193.15,1561.38,110.58,91.07,93.17,92.92,0.26,-3.44,3.99
"Marc-Andre Fleury","17-18","VGK","G",46,2673.4,100.14,1362.18,1890.92,114.44,92.65,94.7,93.95,0.76,19.34,14.3
"Marc-Andre Fleury","18-19","VGK","G",61,3635.13,152.3,1736.78,2364.23,159.05,91.23,93.56,93.27,0.29,4.27,6.75
"Marcus Hogberg","18-19","OTT","G",4,205.5,14.64,127.97,183.29,11.1,88.56,92.01,93.94,-1.93,-3.1,-3.54
"Marek Mazanec","14-15","NSH","G",2,105.73,3.92,49.36,61.75,4,92.06,93.65,93.52,0.13,0.29,0.08
"Marek Mazanec","16-17","NSH","G",4,177.58,13.78,92.16,134.62,8.2,85.05,89.76,93.91,-4.15,-5.81,-5.58
"Martin Brodeur","14-15","STL","G",7,355.72,16.1,165.2,215.49,13.85,90.25,92.53,93.57,-1.04,-2.02,-2.25
"Martin Jones","14-15","L.A","G",15,775.37,28.97,305.91,446.15,28.55,90.53,93.51,93.6,-0.09,-2.89,-0.42
"Martin Jones","15-16","S.J","G",65,3785.87,143.53,1718.53,2411.84,149.3,91.65,94.05,93.81,0.24,2.89,5.77
"Martin Jones","16-17","S.J","G",65,3800.35,150.92,1704.93,2459.21,159.43,91.15,93.86,93.52,0.35,-3.53,8.51
"Martin Jones","17-18","S.J","G",60,3415.73,145.21,1697.92,2375.83,152.03,91.45,93.89,93.6,0.29,3.72,6.82
"Martin Jones","18-19","S.J","G",62,3597.22,176.06,1687.31,2342.9,159,89.57,92.49,93.21,-0.73,-23.95,-17.06
"Matt Hackett","14-15","BUF","G",5,250.25,17.76,159.66,229.8,12.27,88.88,92.27,94.66,-2.39,-4.14,-5.49
"Matt Murray","15-16","PIT","G",13,748.58,25.4,349.17,453.46,28.45,92.73,94.4,93.73,0.67,4.35,3.05
"Matt Murray","16-17","PIT","G",49,2765.8,110.3,1426.77,1910.43,127.29,92.27,94.23,93.34,0.89,13.04,16.99
"Matt Murray","17-18","PIT","G",49,2732.97,133.34,1440.71,1927.44,125.74,90.74,93.08,93.48,-0.39,-6.97,-7.6
"Matt Murray","18-19","PIT","G",50,2880.23,131.27,1569,2138.65,131.19,91.63,93.86,93.87,0,10.17,-0.08
"Matthew O'Connor","15-16","OTT","G",1,58.03,3.21,37.55,54.08,2.89,91.45,94.06,94.66,-0.59,-0.01,-0.32
"Maxime Lagace","17-18","VGK","G",16,873.52,56.12,425.13,587.73,38.3,86.8,90.45,93.48,-3.03,-18.83,-17.82
"Michael Hutchinson","14-15","WPG","G",38,2138.37,83.88,968.15,1341.24,91.16,91.34,93.75,93.2,0.54,-1.32,7.28
"Michael Hutchinson","15-16","WPG","G",30,1585.95,73.27,807.75,1087.78,70.81,90.93,93.26,93.49,-0.23,-4.45,-2.46
"Michael Hutchinson","16-17","WPG","G",28,1398.33,70.56,723.38,978.61,59.19,90.25,92.79,93.95,-1.16,-8.02,-11.37
"Michael Hutchinson","17-18","WPG","G",3,128.75,6.81,72.08,100.51,6.61,90.55,93.22,93.42,-0.2,-0.49,-0.2
"Michael Hutchinson","18-19","FLA","G",4,201.23,13.77,85.8,123.24,7.86,83.95,88.83,93.62,-4.8,-6.04,-5.91
"Michael Hutchinson","18-19","TOR","G",5,294.93,13.4,151.7,212.5,12.04,91.17,93.69,94.33,-0.64,0.28,-1.36
"Michael Leighton","16-17","CAR","G",4,210.28,12,93.56,133.68,8.94,87.17,91.02,93.31,-2.29,-3.91,-3.06
"Michal Neuvirth","14-15","BUF","G",27,1543.8,77,960.36,1343.07,78.94,91.98,94.27,94.12,0.14,4.9,1.94
"Michal Neuvirth","14-15","NYI","G",5,305.95,15.1,133.14,178.91,12.28,88.66,91.56,93.14,-1.58,-3.75,-2.82
"Michal Neuvirth","15-16","PHI","G",32,1825.52,68.59,904.83,1236.06,80.76,92.42,94.45,93.47,0.98,8.5,12.17
"Michal Neuvirth","16-17","PHI","G",28,1363.63,64.01,598.66,834.76,51.49,89.31,92.33,93.83,-1.5,-12.25,-12.52
"Michal Neuvirth","17-18","PHI","G",21,1038.72,46.02,536.96,731.05,44.92,91.43,93.7,93.86,-0.15,1.08,-1.1
"Michal Neuvirth","18-19","PHI","G",7,365.63,26.69,191.84,255.07,16.85,86.09,89.54,93.39,-3.86,-9.4,-9.84
"Mike Condon","15-16","MTL","G",55,3122.73,142.32,1468.92,2039.22,131.03,90.31,93.02,93.57,-0.55,-17.17,-11.29
"Mike Condon","16-17","OTT","G",40,2304,94.94,1110.62,1615.64,98.95,91.45,94.12,93.88,0.25,1.08,4.01
"Mike Condon","17-18","OTT","G",31,1626.42,88.52,916.71,1258.18,75.43,90.34,92.96,94,-1.04,-8.11,-13.09
"Mike Condon","18-19","OTT","G",2,75.25,7.83,41.33,51.68,2.96,81.05,84.85,94.27,-9.42,-4.1,-4.87
"Mike McKenna","17-18","DAL","G",2,101.33,4.9,53.04,74.1,4.29,90.76,93.39,94.21,-0.82,-0.25,-0.61
"Mike McKenna","18-19","OTT","G",10,454.38,29.62,301.58,386.16,20.8,90.18,92.33,94.61,-2.28,-2.43,-8.82
"Mike Smith","14-15","ARI","G",62,3555.77,188.99,1995.07,2748.43,170.1,90.53,93.12,93.81,-0.69,-18.86,-18.89
"Mike Smith","15-16","ARI","G",32,1753.5,76.17,896.23,1284.33,73.65,91.5,94.07,94.27,-0.2,0.19,-2.52
"Mike Smith","16-17","ARI","G",55,3202.13,157.45,1840.4,2693.76,171.68,91.44,94.16,93.63,0.53,1.65,14.23
"Mike Smith","17-18","CGY","G",55,3190.6,143.84,1703.08,2406.88,156.37,91.55,94.02,93.5,0.52,5.54,12.53
"Mike Smith","18-19","CGY","G",42,2400.32,109.97,1072.47,1504.29,101.82,89.75,92.69,93.23,-0.54,-13.29,-8.15
"Mikko Koskinen","18-19","EDM","G",55,2991.85,145.99,1544.89,2119.85,141.41,90.55,93.11,93.33,-0.22,-6.72,-4.58
"Niklas Backstrom","14-15","MIN","G",19,1004.88,51.52,463.45,643.11,37.67,88.88,91.99,94.14,-2.15,-12,-13.85
"Niklas Backstrom","15-16","CGY","G",4,232.72,12.73,110.29,152.01,9.74,88.46,91.63,93.59,-1.97,-3.34,-2.99
"Niklas Svedberg","14-15","BOS","G",18,900.2,34.77,420.91,588.96,35.13,91.74,94.1,94.04,0.06,1.13,0.36
"Ondrej Pavelec","14-15","WPG","G",50,2837.85,108.03,1335.27,1830.74,128.04,91.91,94.1,93.01,1.09,5.84,20.01
"Ondrej Pavelec","15-16","WPG","G",33,1899.02,88.91,945.18,1320.71,93.48,90.59,93.27,92.92,0.35,-8.38,4.57
"Ondrej Pavelec","16-17","WPG","G",8,439.5,26.29,231.06,293.15,20.06,88.62,91.03,93.16,-2.13,-6.32,-6.23
"Ondrej Pavelec","17-18","NYR","G",19,903.7,47.17,536.5,735.71,50.98,91.21,93.59,93.07,0.52,-0.11,3.81
"Oscar Dansk","17-18","VGK","G",4,168.6,4.9,89.79,116.9,8.12,94.54,95.81,93.05,2.75,2.97,3.22
"Pekka Rinne","14-15","NSH","G",64,3850.78,140.28,1796.99,2457.37,138.43,92.19,94.29,94.37,-0.08,12.96,-1.85
"Pekka Rinne","15-16","NSH","G",66,3895.37,162.04,1736.09,2322.02,137.21,90.67,93.02,94.09,-1.07,-14.12,-24.83
"Pekka Rinne","16-17","NSH","G",61,3567.78,143.78,1752.04,2429.94,143.35,91.79,94.08,94.1,-0.02,7.69,-0.43
"Pekka Rinne","17-18","NSH","G",59,3475.45,134.4,1802.28,2407.19,152.23,92.54,94.42,93.68,0.74,23.69,17.83
"Pekka Rinne","18-19","NSH","G",56,3219.73,130.31,1583.57,2155.43,139.99,91.77,93.95,93.51,0.45,12.45,9.68
"Peter Budaj","16-17","L.A","G",53,3029.4,107.31,1284.21,1855.53,114.91,91.64,94.22,93.81,0.41,3.71,7.6
"Peter Budaj","16-17","T.B","G",7,278.87,12.68,126.28,173.25,10.57,89.96,92.68,93.9,-1.22,-1.76,-2.11
"Peter Budaj","17-18","T.B","G",8,430.4,26.52,216.26,289.22,18.25,87.74,90.83,93.69,-2.86,-7.55,-8.27
"Peter Budaj","18-19","L.A","G",3,71.75,6.51,36.92,50.12,3.21,82.37,87.01,93.6,-6.58,-3.18,-3.3
"Petr Mrazek","14-15","DET","G",29,1584.83,62.12,749.77,999.75,65.59,91.71,93.79,93.44,0.35,1.81,3.47
"Petr Mrazek","15-16","DET","G",54,2960.22,115.43,1456.9,1984.95,126.33,92.08,94.18,93.64,0.55,8.7,10.9
"Petr Mrazek","16-17","DET","G",50,2857.52,145.21,1482.14,2019.64,129.99,90.2,92.81,93.56,-0.75,-17.08,-15.22
"Petr Mrazek","17-18","DET","G",22,1183.52,56.46,628.7,884.84,55.6,91.02,93.62,93.72,-0.1,-1.31,-0.86
"Petr Mrazek","17-18","PHI","G",17,913.18,48.83,452.59,630.1,40.06,89.21,92.25,93.64,-1.39,-9.13,-8.77
"Petr Mrazek","18-19","CAR","G",40,2386.78,94.6,1090.9,1535.85,98.89,91.33,93.84,93.56,0.28,3.74,4.29
"Pheonix Copley","18-19","WSH","G",27,1528.93,73.27,768.66,1058.91,73.24,90.47,93.08,93.08,0,-3.97,-0.03
"Philipp Grubauer","15-16","WSH","G",22,1111.03,43.4,533.28,772.57,47.01,91.86,94.38,93.92,0.47,2.04,3.61
"Philipp Grubauer","16-17","WSH","G",24,1264.57,41.49,568.21,801.3,52.29,92.7,94.82,93.47,1.35,7.63,10.8
"Philipp Grubauer","17-18","WSH","G",35,1864.8,72.08,936.98,1371.77,89.41,92.31,94.75,93.48,1.26,10.11,17.33
"Philipp Grubauer","18-19","COL","G",37,2020.73,89.14,1062.99,1444.96,86.05,91.61,93.83,94.04,-0.21,6.69,-3.09
"Ray Emery","14-15","PHI","G",31,1569.52,79.44,759.47,1069.73,65.16,89.54,92.57,93.91,-1.33,-14.68,-14.28
"Reto Berra","14-15","COL","G",19,748.45,33.11,410.09,550.07,33.2,91.93,93.98,93.96,0.02,1.86,0.09
"Reto Berra","15-16","COL","G",14,720.72,28.51,368.26,513.27,29.09,92.26,94.45,94.33,0.11,2.87,0.58
"Reto Berra","16-17","FLA","G",7,313.12,17.99,151.63,221.53,15.04,88.14,91.88,93.21,-1.33,-4.88,-2.95
"Reto Berra","17-18","ANA","G",5,181.92,6.71,94.22,137.48,8.87,92.88,95.12,93.55,1.57,1.56,2.16
"Richard Bachman","14-15","EDM","G",6,316.72,14.47,166.44,235.64,16.18,91.31,93.86,93.13,0.73,-0.28,1.71
"Richard Bachman","16-17","VAN","G",5,295.18,12.51,158.68,231.18,14.56,92.12,94.59,93.7,0.89,1.21,2.05
"Rob Zepp","14-15","PHI","G",10,519.02,24.58,224.16,332.11,22.4,89.03,92.6,93.26,-0.66,-5.47,-2.18
"Roberto Luongo","14-15","FLA","G",61,3528.18,137.67,1748.62,2369.51,133.8,92.13,94.19,94.35,-0.16,11.44,-3.87
"Roberto Luongo","15-16","FLA","G",62,3601.83,142.13,1782.41,2406.57,143.79,92.03,94.09,94.03,0.07,9.73,1.66
"Roberto Luongo","16-17","FLA","G",40,2327.62,104.73,1227.34,1592.61,102.92,91.47,93.42,93.54,-0.11,1.38,-1.81
"Roberto Luongo","17-18","FLA","G",35,1965.87,81.22,1144.75,1501.58,92.83,92.91,94.59,93.82,0.77,19.19,11.61
"Roberto Luongo","18-19","FLA","G",43,2346.57,120.96,1197.03,1677.16,107.69,89.89,92.79,93.58,-0.79,-13.05,-13.27
"Robin Lehner","14-15","OTT","G",25,1471.55,74.37,791.62,1067.91,63.12,90.61,93.04,94.09,-1.05,-6.86,-11.25
"Robin Lehner","15-16","BUF","G",21,1164.08,48.73,642.41,870.47,47.3,92.41,94.4,94.57,-0.16,6,-1.43
"Robin Lehner","16-17","BUF","G",59,3405.47,152.98,1928.66,2586.16,144.75,92.07,94.08,94.4,-0.32,13.76,-8.23
"Robin Lehner","17-18","BUF","G",53,2852.02,143.35,1580.67,2138.81,126.69,90.93,93.3,94.08,-0.78,-4.71,-16.66
"Robin Lehner","18-19","NYI","G",46,2615.82,92.17,1305.48,1797.44,111.07,92.94,94.87,93.82,1.05,25.52,18.9
"Ryan Miller","14-15","VAN","G",45,2541.47,108.07,1186.48,1666.11,104.82,90.89,93.51,93.71,-0.2,-6.89,-3.25
"Ryan Miller","15-16","VAN","G",51,3043.45,136.92,1636.2,2193.99,143.41,91.63,93.76,93.46,0.3,2.48,6.49
"Ryan Miller","16-17","VAN","G",54,3211.75,151.75,1775.54,2363.52,148.71,91.45,93.58,93.71,-0.13,1.75,-3.04
"Ryan Miller","17-18","ANA","G",28,1353.27,51.35,722.87,999.17,66.44,92.9,94.86,93.35,1.51,12.05,15.09
"Ryan Miller","18-19","ANA","G",20,1108.8,51.17,579.44,814.91,53.61,91.17,93.72,93.42,0.3,1.07,2.44
"Sam Montembeault","18-19","FLA","G",11,591.4,29.91,284.94,408.38,26.9,89.5,92.68,93.41,-0.74,-4.22,-3.01
"Scott Clemmensen","14-15","N.J","G",3,101.58,7.84,51.96,66.83,5.79,84.91,88.27,91.34,-3.07,-3.41,-2.05
"Scott Darling","14-15","CHI","G",14,832.52,25.73,406.67,544.08,35.22,93.67,95.27,93.53,1.74,8.95,9.49
"Scott Darling","15-16","CHI","G",29,1560.02,66.2,779.06,1061.92,64.85,91.5,93.77,93.89,-0.13,0.18,-1.35
"Scott Darling","16-17","CHI","G",32,1688.58,66.73,871.55,1136.78,73.88,92.34,94.13,93.5,0.63,8.62,7.15
"Scott Darling","17-18","CAR","G",43,2475.12,129.93,1180.9,1680.56,106.77,89,92.27,93.65,-1.38,-26.35,-23.16
"Scott Darling","18-19","CAR","G",8,485.57,27.45,239.47,344.25,23.66,88.54,92.03,93.13,-1.1,-5.86,-3.79
"Scott Wedgewood","15-16","N.J","G",4,240.75,4.78,113.82,156.42,9.85,95.8,96.94,93.7,3.24,4.92,5.07
"Scott Wedgewood","17-18","ARI","G",20,1096.5,63.35,593.66,886.91,53.41,89.33,92.86,93.98,-1.12,-11.28,-9.94
"Semyon Varlamov","14-15","COL","G",57,3306.83,139.82,1792.93,2532.3,156.14,92.2,94.48,93.83,0.64,13.07,16.32
"Semyon Varlamov","15-16","COL","G",57,3159.28,150.22,1723.05,2407.7,146.15,91.28,93.76,93.93,-0.17,-3.42,-4.07
"Semyon Varlamov","16-17","COL","G",24,1347.78,77.49,769.85,1012.21,60.89,89.93,92.34,93.98,-1.64,-10.93,-16.6
"Semyon Varlamov","17-18","COL","G",51,2860.93,127.15,1586.16,2204.16,132.88,91.98,94.23,93.97,0.26,11.97,5.73
"Semyon Varlamov","18-19","COL","G",49,2839.2,137,1491,2010.5,128.28,90.81,93.19,93.62,-0.43,-2.59,-8.72
"Sergei Bobrovsky","14-15","CBJ","G",51,2994.2,135.04,1641.39,2207.32,128.91,91.77,93.88,94.16,-0.28,4.93,-6.13
"Sergei Bobrovsky","15-16","CBJ","G",37,2116.35,99.16,1054.98,1444.14,90.8,90.6,93.13,93.71,-0.58,-9.27,-8.36
"Sergei Bobrovsky","16-17","CBJ","G",63,3707.07,126.43,1839.27,2536.4,171.53,93.13,95.02,93.24,1.78,32.58,45.1
"Sergei Bobrovsky","17-18","CBJ","G",65,3911.47,157.1,1977.3,2708.7,179.41,92.05,94.2,93.38,0.82,16.33,22.31
"Sergei Bobrovsky","18-19","CBJ","G",62,3556.23,153.86,1733.12,2390.76,151.02,91.12,93.56,93.68,-0.12,2.38,-2.84
"Spencer Martin","16-17","COL","G",3,179.43,13.15,101.44,137.52,8.87,87.04,90.44,93.55,-3.11,-4.38,-4.28
"Steve Mason","14-15","PHI","G",51,2885.38,108.24,1499.14,2038.4,124.73,92.78,94.69,93.88,0.81,19.6,16.49
"Steve Mason","15-16","PHI","G",54,3150.43,131.6,1612.71,2172.06,140.53,91.84,93.94,93.53,0.41,5.8,8.93
"Steve Mason","16-17","PHI","G",58,3224.53,143.28,1554.74,2164.41,140.14,90.78,93.38,93.53,-0.15,-8.86,-3.14
"Steve Mason","17-18","WPG","G",13,684.88,36.52,382.9,522.97,33.7,90.46,93.02,93.56,-0.54,-2.94,-2.82
"Thatcher Demko","18-19","VAN","G",9,534.15,25.13,300.11,407.57,23.81,91.63,93.83,94.16,-0.32,1.92,-1.32
"Thomas Greiss","14-15","PIT","G",20,1159.62,49.06,534.95,714.57,43.24,90.83,93.13,93.95,-0.81,-3.44,-5.82
"Thomas Greiss","15-16","NYI","G",41,2287.32,89.32,1185.58,1613.6,106.83,92.47,94.46,93.38,1.09,11.69,17.51
"Thomas Greiss","16-17","NYI","G",51,2813.28,125.18,1436.57,2062.11,135.04,91.29,93.93,93.45,0.48,-0.99,9.86
"Thomas Greiss","17-18","NYI","G",27,1491.72,94.97,884.05,1198.87,75.54,89.26,92.08,93.7,-1.62,-17.43,-19.43
"Thomas Greiss","18-19","NYI","G",43,2293.65,87.5,1168.37,1598.71,99.17,92.51,94.53,93.8,0.73,17.83,11.67
"Tristan Jarry","17-18","PIT","G",26,1363.93,63.04,677.7,920.6,61.23,90.7,93.15,93.35,-0.2,-3.6,-1.81
"Tristan Jarry","18-19","PIT","G",2,120.05,6.82,61.33,74.11,2.61,88.88,90.8,96.48,-5.68,-1.3,-4.21
"Troy Grosenick","14-15","S.J","G",2,118.37,2.88,55.16,82.48,4.9,94.78,96.51,94.06,2.45,1.83,2.02
"Tuukka Rask","14-15","BOS","G",70,4063.02,154.94,1996.25,2737.7,154.2,92.24,94.34,94.37,-0.03,15.29,-0.74
"Tuukka Rask","15-16","BOS","G",64,3678.05,157.73,1842.53,2624.24,150.97,91.44,93.99,94.25,-0.26,-0.75,-6.76
"Tuukka Rask","16-17","BOS","G",65,3679.58,136.53,1586.78,2258.14,133.1,91.4,93.95,94.11,-0.15,0.65,-3.43
"Tuukka Rask","17-18","BOS","G",54,3173.08,125.25,1518.94,2110.03,126.05,91.75,94.06,94.03,0.04,7.98,0.8
"Tuukka Rask","18-19","BOS","G",46,2635.12,108.71,1230.52,1694.71,103.87,91.17,93.59,93.87,-0.29,2.22,-4.84
"Viktor Fasth","14-15","EDM","G",26,1336.48,75.32,692.37,994.5,64.7,89.12,92.43,93.49,-1.07,-16.27,-10.62
"Zane McIntyre","16-17","BOS","G",8,332.62,21.7,159.4,211.66,14.23,86.39,89.75,93.28,-3.53,-7.92,-7.47
